,0,1
0,4981,sweet
1,4916,finish
2,4857,cup
3,4755,mouthfeel
4,4661,aroma
5,4016,chocolate
6,3837,acidity
7,3581,toned
8,2100,notes
9,1991,structure
10,1943,syrupy
11,1921,tart
12,1758,cocoa
13,1744,fruit
14,1661,dark
15,1602,flowers
16,1578,richly
17,1517,cedar
18,1491,sweetly
19,1400,rich
20,1378,flavor
21,1298,crisp
22,1279,long
23,1260,nib
24,1205,like
25,1133,balanced
26,1119,floral
27,1106,zest
28,1084,savory
29,1044,juicy
30,987,smooth
31,967,lightly
32,961,hint
33,947,gently
34,940,bright
35,912,resonant
36,904,milk
37,889,almond
38,874,fresh
39,844,satiny
40,844,full
41,833,drying
42,832,deeply
43,824,crisply
44,811,lemon
45,806,orange
46,805,deep
47,799,silky
48,796,consolidates
49,754,nut
50,741,complex
51,739,espresso
52,704,evaluated
53,699,chocolaty
54,693,cut
55,671,delicate
56,661,round
57,651,small
58,646,roasted
59,645,saturated
60,626,parts
61,617,pungent
62,599,hints
63,598,black
64,578,apricot
65,576,dried
66,575,honey
67,575,cacao
68,569,sandalwood
69,561,hazelnut
70,554,lively
71,549,brisk
72,548,short
73,530,fir
74,513,plush
75,512,cherry
76,482,aromatic
77,478,oak
78,471,three
79,463,around
80,462,carry
81,461,caramel
82,461,baking
83,458,delicately
84,455,citrus
85,454,wood
86,448,velvety
87,446,gentle
88,429,grapefruit
89,416,currant
90,416,bittersweet
91,408,tangerine
92,393,butter
93,386,narcissus
94,378,syrup
95,376,lavender
96,374,jasmine
97,371,undertones
98,359,though
99,358,vibrant
100,352,light
101,347,honeysuckle
102,341,magnolia
103,337,plum
104,336,spice
105,330,high
106,329,baker
107,315,pink
108,310,ripe
109,310,molasses
110,307,freesia
111,305,peach
112,302,centers
113,301,dry
114,290,quietly
115,284,lily
116,276,raspberry
117,273,vanilla
118,270,berry
119,259,rose
120,259,lilac
121,258,particular
122,258,leads
123,257,carries
124,253,creamy
125,252,red
126,242,quiet
127,241,tobacco
128,241,slightly
129,238,sweetness
130,238,sugar
131,237,layered
132,237,date
133,236,spicy
134,232,forward
135,231,supported
136,230,cashew
137,227,maple
138,221,buoyant
139,220,scorched
140,219,verbena
141,219,suggestions
142,216,intense
143,213,strawberry
144,207,soft
145,207,apple
146,205,mango
147,202,note
148,200,peppercorn
149,197,blossom
150,196,raisin
151,193,roundly
152,190,rather
153,190,powder
154,187,grape
155,185,gardenia
156,183,viscous
157,183,roast
158,183,pipe
159,181,blueberry
160,178,lime
161,177,lush
162,177,brown
163,175,walnut
164,171,fudge
165,166,tones
166,163,driven
167,163,coffee
168,162,wisteria
169,161,rounded
170,160,star
171,160,musk
172,159,agave
173,158,citrusy
174,158,blackberry
175,155,yet
176,155,two
177,155,pomegranate
178,151,marjoram
179,146,thyme
180,141,ken
181,141,clean
182,139,tea
183,139,dominates
184,137,pear
185,137,nougat
186,136,continued
187,135,guava
188,133,brandy
189,131,tamarind
190,131,blood
191,130,lychee
192,128,night
193,128,myrrh
194,127,bergamot
195,126,cinnamon
196,125,violet
197,125,rounding
198,123,florals
199,122,wine
200,120,body
201,119,pistachio
202,119,candied
203,117,ounce
204,115,brittle
205,113,complicated
206,111,nuanced
207,111,framed
208,110,toffee
209,110,pineapple
210,110,intricate
211,110,hop
212,108,brightly
213,107,fine
214,106,backgrounded
215,105,zesty
216,105,softly
217,105,persists
218,105,frankincense
219,105,complexity
220,104,earth
221,101,simple
222,101,dominate
223,101,complexly
224,100,keurig
225,100,buttery
226,99,rhododendron
227,98,toward
228,97,using
229,97,clove
230,96,green
231,96,flavors
232,96,character
233,95,leaning
234,94,brewing
235,93,resonantly
236,93,mulberry
237,92,lean
238,92,distinct
239,91,subtly
240,91,big
241,90,tartly
242,90,lingering
243,90,edge
244,90,brewed
245,89,stone
246,89,smoky
247,89,single
248,89,serve
249,89,device
250,89,bit
251,89,aromatics
252,88,serving
253,88,muted
254,87,capsule
255,87,blooming
256,86,herb
257,85,white
258,84,wild
259,84,pleasing
260,83,turns
261,83,moist
262,82,sage
263,82,cleanly
264,81,particularly
265,81,orangy
266,81,ginger
267,81,fruity
268,81,candy
269,80,plump
270,80,coconut
271,79,elegantly
272,77,almost
273,76,roasty
274,76,produce
275,76,intensely
276,76,centered
277,76,barrel
278,75,amber
279,74,butterscotch
280,73,fades
281,73,elegant
282,72,perhaps
283,72,multi
284,72,banana
285,71,nectarine
286,71,co
287,68,laden
288,67,pungently
289,67,pecan
290,67,fig
291,66,cappuccino
292,65,spices
293,65,expressed
294,65,balance
295,64,slight
296,64,persimmon
297,64,lemony
298,64,flower
299,64,anise
300,63,suggestion
301,63,profile
302,63,earthy
303,62,vibrantly
304,62,persist
305,62,medium
306,62,low
307,62,impressively
308,61,taster
309,61,scaled
310,60,platinum
311,59,rounds
312,59,pert
313,59,hibiscus
314,58,meyer
315,58,intricately
316,57,rum
317,57,lead
318,57,herbaceous
319,56,tropical
320,56,redolent
321,56,mushroom
322,55,whisky
323,55,mildly
324,55,concord
325,55,b
326,54,subtle
327,54,passion
328,54,nutty
329,54,jam
330,54,fermenty
331,54,astringency
332,52,shot
333,52,salty
334,52,nicely
335,51,complete
336,50,pine
337,50,k
338,50,carob
339,50,caramelly
340,49,throughout
341,49,simplifies
342,48,cane
343,48,astringent
344,47,well
345,47,musky
346,47,heavy
347,47,found
348,47,complications
349,46,pleasingly
350,46,cocoaish
351,45,salted
352,45,pleasantly
353,45,original
354,45,melon
355,45,lingers
356,45,impressive
357,45,faint
358,45,amplified
359,44,top
360,44,spearmint
361,44,smoothly
362,44,plumeria
363,44,nutmeg
364,44,nutella
365,43,mild
366,43,integrated
367,42,macadamia
368,42,lushly
369,42,depth
370,42,cools
371,41,tomato
372,41,suggesting
373,41,sensation
374,41,minty
375,41,far
376,41,bing
377,40,pie
378,40,papaya
379,40,ferment
380,40,distinctly
381,40,cardamom
382,39,woody
383,39,prune
384,39,orchid
385,39,leanish
386,39,distinctive
387,39,continuing
388,39,cedary
389,38,watermelon
390,38,saturates
391,38,mesquite
392,38,bitter
393,37,sweetens
394,37,passionfruit
395,37,ml
396,37,leaf
397,37,buoyantly
398,37,brazil
399,36,rings
400,36,grappa
401,35,throughline
402,35,quite
403,35,pronounced
404,35,linger
405,35,carrying
406,34,surprisingly
407,34,straightforward
408,34,softens
409,34,saturate
410,34,mint
411,34,goji
412,34,dominated
413,33,raisiny
414,33,leaves
415,33,engaging
416,33,edged
417,32,vivacious
418,32,surfaces
419,32,lemongrass
420,32,ethan
421,32,consolidating
422,32,charred
423,32,briskly
424,31,lyric
425,31,fallen
426,31,complication
427,31,bitterish
428,30,winy
429,30,sassafras
430,30,resurfacing
431,30,leading
432,30,golden
433,30,fragrant
434,30,enveloped
435,30,berries
436,30,bay
437,29,whole
438,29,unusual
439,29,satisfying
440,29,malt
441,29,maintains
442,28,sustained
443,28,rye
444,28,resonates
445,28,pretty
446,28,opulent
447,28,lyrically
448,28,cranberry
449,28,carried
450,28,bodied
451,28,aged
452,27,toasted
453,27,toast
454,27,redwood
455,27,otherwise
456,27,layers
457,27,honeyish
458,27,harmonious
459,27,dusk
460,27,deepens
461,27,classic
462,26,size
463,26,singed
464,26,sean
465,26,range
466,26,lasting
467,26,juniper
468,26,exotic
469,26,exhilarating
470,26,emerges
471,26,deepen
472,26,cumin
473,26,confident
474,26,complicating
475,26,balm
476,25,think
477,25,pungency
478,25,presence
479,25,kumquat
480,25,fermented
481,25,elm
482,25,cherryish
483,25,aromatically
484,25,also
485,24,soften
486,24,retains
487,24,promise
488,24,produced
489,24,nectar
490,24,lyrical
491,24,inviting
492,24,hot
493,24,deepening
494,24,compatible
495,24,bourbon
496,24,along
497,24,allspice
498,23,winey
499,23,richness
500,23,pure
501,23,grams
502,23,coulis
503,23,center
504,23,blend
505,23,andy
506,22,yogurt
507,22,wendy
508,22,turned
509,22,turn
510,22,tangy
511,22,sustains
512,22,supporting
513,22,structured
514,22,steam
515,22,shifting
516,22,prominent
517,22,persistence
518,22,nuance
519,22,mixed
520,22,marmalade
521,22,little
522,22,intensity
523,22,honeydew
524,22,exhilaratingly
525,22,caramelized
526,22,brewer
527,21,way
528,21,wand
529,21,turning
530,21,sugary
531,21,softened
532,21,simplify
533,21,rosemary
534,21,resonate
535,21,resonance
536,21,raw
537,21,quickly
538,21,perfumy
539,21,nespresso
540,21,lantana
541,21,heated
542,21,good
543,21,followed
544,21,fade
545,21,exceptionally
546,21,conventional
547,21,authority
548,21,attractive
549,20,take
550,20,seed
551,20,read
552,20,profoundly
553,20,leather
554,20,harmoniously
555,20,fudgy
556,20,effervescent
557,20,composed
558,20,brandyish
559,20,bean
560,19,taffy
561,19,softening
562,19,rough
563,19,refreshing
564,19,paste
565,19,lactic
566,19,instant
567,19,graham
568,19,freshly
569,19,especially
570,19,drop
571,19,cracker
572,19,cantaloupe
573,19,burned
574,18,water
575,18,textured
576,18,refined
577,18,licorice
578,18,humus
579,18,grapefruity
580,18,deeper
581,18,clover
582,18,blackcurrant
583,17,texture
584,17,support
585,17,stage
586,17,saffron
587,17,pomelo
588,17,penetrating
589,17,malic
590,17,lasts
591,17,footed
592,17,enveloping
593,17,cider
594,17,characterized
595,17,bold
596,17,baked
597,17,admired
598,16,underneath
599,16,umami
600,16,tartness
601,16,suggests
602,16,proportions
603,16,persuasively
604,16,persistent
605,16,ounces
606,16,mandarin
607,16,jen
608,16,invitingly
609,16,ginseng
610,16,finishing
611,16,deepened
612,16,becomes
613,15,weight
614,15,truffle
615,15,suggest
616,15,returning
617,15,return
618,15,resurface
619,15,praline
620,15,prairie
621,15,port
622,15,poised
623,15,pluot
624,15,perique
625,15,oregano
626,15,one
627,15,much
628,15,moves
629,15,intriguing
630,15,hops
631,15,herby
632,15,four
633,15,fennel
634,15,eucalyptus
635,15,drink
636,15,dessert
637,15,consolidate
638,15,complicates
639,15,candycap
640,15,brightness
641,14,tested
642,14,sweeter
643,14,superb
644,14,ristretto
645,14,remains
646,14,pleasant
647,14,john
648,14,immense
649,14,hips
650,14,herbs
651,14,expressive
652,14,even
653,14,coriander
654,14,complicate
655,14,bark
656,14,although
657,13,version
658,13,subdued
659,13,series
660,13,saltwater
661,13,ring
662,13,resurfaces
663,13,ready
664,13,ranging
665,13,powerful
666,13,marshmallow
667,13,incense
668,13,harmonize
669,13,great
670,13,grass
671,13,concentrated
672,13,cold
673,13,cognac
674,13,cidery
675,13,bloom
676,13,assertive
677,12,touch
678,12,tiger
679,12,straight
680,12,still
681,12,sour
682,12,smoothes
683,12,shiitake
684,12,root
685,12,remain
686,12,plushly
687,12,perceptible
688,12,pepper
689,12,peel
690,12,mustard
691,12,liqueur
692,12,levitating
693,12,kiwi
694,12,intact
695,12,forest
696,12,faintly
697,12,fading
698,12,enlivened
699,12,develops
700,12,combining
701,12,carnation
702,12,balances
703,11,without
704,11,undercurrent
705,11,sustain
706,11,spiced
707,11,ringing
708,11,resounding
709,11,predictably
710,11,meadowy
711,11,lightish
712,11,less
713,11,kohmescher
714,11,goat
715,11,fullish
716,11,flat
717,11,finely
718,11,dominating
719,11,cupper
720,11,cordial
721,11,cited
722,11,cheese
723,11,blooms
724,11,best
725,11,barley
726,11,appealing
727,11,animate
728,11,amplifies
729,10,understated
730,10,underlying
731,10,tendencies
732,10,tannic
733,10,surprising
734,10,supple
735,10,striking
736,10,spirits
737,10,sparkling
738,10,smoke
739,10,simultaneously
740,10,shows
741,10,sample
742,10,salt
743,10,reads
744,10,persisting
745,10,peppermint
746,10,nuts
747,10,newton
748,10,newbom
749,10,massively
750,10,mace
751,10,lavish
752,10,kenya
753,10,influenced
754,10,hill
755,10,gracefully
756,10,graceful
757,10,fat
758,10,extravagant
759,10,equal
760,10,displays
761,10,de
762,10,curd
763,10,combines
764,10,clear
765,10,clarity
766,10,characterize
767,10,cap
768,10,bracing
769,10,box
770,10,alcohol
771,10,acidy
772,10,accessible
773,9,yellow
774,9,vivid
775,9,ultra
776,9,tendency
777,9,strong
778,9,squash
779,9,sarsaparilla
780,9,rounder
781,9,reviewers
782,9,relatively
783,9,recede
784,9,rating
785,9,pruny
786,9,predominate
787,9,perfectly
788,9,parsley
789,9,may
790,9,loquat
791,9,halvah
792,9,grain
793,9,front
794,9,fills
795,9,felt
796,9,excellent
797,9,engagingly
798,9,dynamic
799,9,diruocco
800,9,considerable
801,9,composty
802,9,complemented
803,9,come
804,9,carnal
805,9,cannabis
806,9,cacoa
807,9,bakers
808,9,apodaca
809,9,animated
810,8,whiskey
811,8,underpinnings
812,8,undercurrents
813,8,together
814,8,toasty
815,8,thoroughly
816,8,tastes
817,8,tarragon
818,8,surface
819,8,style
820,8,stonefruit
821,8,shimmer
822,8,settles
823,8,ripely
824,8,reviewed
825,8,recedes
826,8,probably
827,8,prevails
828,8,plus
829,8,petrichor
830,8,peppery
831,8,paprika
832,8,overripe
833,8,musty
834,8,marzipan
835,8,malty
836,8,lovely
837,8,kefir
838,8,jong
839,8,jolly
840,8,intensify
841,8,impressed
842,8,immensely
843,8,highlighted
844,8,heavyish
845,8,heavily
846,8,heady
847,8,gooseberry
848,8,giddily
849,8,fulfills
850,8,format
851,8,foregrounded
852,8,focused
853,8,flowering
854,8,extends
855,8,explicit
856,8,expansive
857,8,empty
858,8,elevated
859,8,dominant
860,8,descriptors
861,8,crisper
862,8,containing
863,8,chewy
864,8,brightening
865,8,barely
866,8,balsa
867,8,authoritative
868,8,anchored
869,8,added
870,8,acid
871,7,vegetal
872,7,table
873,7,sweetening
874,7,sweeten
875,7,sumatra
876,7,sugarcane
877,7,starfruit
878,7,side
879,7,sharp
880,7,ringingly
881,7,rice
882,7,reminiscent
883,7,rancher
884,7,quality
885,7,points
886,7,opulently
887,7,oaky
888,7,nose
889,7,move
890,7,modulating
891,7,melange
892,7,malted
893,7,layer
894,7,lavishly
895,7,last
896,7,laced
897,7,intrigue
898,7,intensifies
899,7,infused
900,7,inflected
901,7,impact
902,7,however
903,7,home
904,7,grapy
905,7,fully
906,7,extraordinary
907,7,extraordinarily
908,7,emerge
909,7,dries
910,7,cushiony
911,7,cream
912,7,continues
913,7,confidently
914,7,compelling
915,7,comes
916,7,classically
917,7,boysenberry
918,7,bottom
919,7,background
920,7,associated
921,7,asian
922,7,aromas
923,7,alyssum
924,7,akin
925,6,wide
926,6,whisper
927,6,whereas
928,6,unsweetened
929,6,tone
930,6,thin
931,6,theme
932,6,tangelo
933,6,taking
934,6,survive
935,6,suavely
936,6,stated
937,6,somewhat
938,6,softer
939,6,showing
940,6,sharply
941,6,servings
942,6,seductively
943,6,sauce
944,6,roses
945,6,robust
946,6,retain
947,6,remarkably
948,6,refreshingly
949,6,realcup
950,6,quiets
951,6,powerfully
952,6,plummy
953,6,phosphoric
954,6,peanut
955,6,owing
956,6,overall
957,6,opens
958,6,new
959,6,mellow
960,6,medley
961,6,lilting
962,6,liked
963,6,lifted
964,6,levitatingly
965,6,intimations
966,6,influence
967,6,including
968,6,herbal
969,6,grounded
970,6,grandly
971,6,giddy
972,6,generally
973,6,general
974,6,five
975,6,exquisitely
976,6,enticingly
977,6,enjoyed
978,6,elegance
979,6,elderflower
980,6,distant
981,6,displaying
982,6,dill
983,6,despite
984,6,delicacy
985,6,deducted
986,6,cups
987,6,crispness
988,6,cooked
989,6,coherent
990,6,clearly
991,6,clay
992,6,caraway
993,6,brightens
994,6,brandied
995,6,board
996,6,billowy
997,6,become
998,6,beautifully
999,6,alive
1000,5,vivaciously
1001,5,vaguely
1002,5,unorthodox
1003,5,uniquely
1004,5,tight
1005,5,taste
1006,5,tamari
1007,5,survives
1008,5,supports
1009,5,sumac
1010,5,strikingly
1011,5,startling
1012,5,sort
1013,5,solid
1014,5,simply
1015,5,shadows
1016,5,sensory
1017,5,senseo
1018,5,seemingly
1019,5,seductive
1020,5,scent
1021,5,rosewood
1022,5,resolves
1023,5,remarked
1024,5,related
1025,5,reduction
1026,5,punchy
1027,5,pumpkin
1028,5,prevail
1029,5,pod
1030,5,plumps
1031,5,piquant
1032,5,perfumed
1033,5,others
1034,5,oolong
1035,5,natural
1036,5,mingle
1037,5,mexican
1038,5,meat
1039,5,meadow
1040,5,maraschino
1041,5,main
1042,5,luxuriously
1043,5,lighter
1044,5,layering
1045,5,key
1046,5,intensifying
1047,5,impossibly
1048,5,impeccably
1049,5,honeyed
1050,5,harmony
1051,5,hard
1052,5,gives
1053,5,functional
1054,5,frangipane
1055,5,foregrounds
1056,5,faded
1057,5,exuberant
1058,5,extravagantly
1059,5,exotically
1060,5,evokes
1061,5,everything
1062,5,everyone
1063,5,enthusiastic
1064,5,enlivening
1065,5,dryish
1066,5,dramatic
1067,5,discreetly
1068,5,developing
1069,5,described
1070,5,dense
1071,5,decisively
1072,5,decadently
1073,5,custard
1074,5,covered
1075,5,could
1076,5,continuity
1077,5,considerably
1078,5,combine
1079,5,cilantro
1080,5,chutney
1081,5,bracingly
1082,5,bitters
1083,5,berryish
1084,5,balancing
1085,5,back
1086,5,array
1087,5,alongside
1088,5,almondy
1089,4,wrapped
1090,4,words
1091,4,whiff
1092,4,wet
1093,4,warming
1094,4,voluptuous
1095,4,vermouth
1096,4,verismo
1097,4,vast
1098,4,unusually
1099,4,unique
1100,4,uneven
1101,4,turmeric
1102,4,turbinado
1103,4,tasters
1104,4,taro
1105,4,taller
1106,4,takes
1107,4,tactful
1108,4,symphonic
1109,4,super
1110,4,suave
1111,4,spicily
1112,4,sourish
1113,4,soaring
1114,4,smokiness
1115,4,slow
1116,4,silkiness
1117,4,silkily
1118,4,showed
1119,4,show
1120,4,shots
1121,4,shadow
1122,4,separately
1123,4,sensations
1124,4,scented
1125,4,sarsparilla
1126,4,roasting
1127,4,richer
1128,4,resoundingly
1129,4,resolving
1130,4,resolve
1131,4,resiny
1132,4,provide
1133,4,prominently
1134,4,preserves
1135,4,present
1136,4,pralines
1137,4,praised
1138,4,pineapply
1139,4,picked
1140,4,paradoxically
1141,4,outlast
1142,4,ongoing
1143,4,oil
1144,4,non
1145,4,mouth
1146,4,mix
1147,4,melodic
1148,4,maybe
1149,4,makes
1150,4,maintaining
1151,4,luscious
1152,4,lot
1153,4,losing
1154,4,longer
1155,4,liquorice
1156,4,lifts
1157,4,lift
1158,4,led
1159,4,intricacy
1160,4,inert
1161,4,hyacinth
1162,4,hand
1163,4,grapey
1164,4,grainy
1165,4,grace
1166,4,goes
1167,4,given
1168,4,give
1169,4,fusion
1170,4,fruits
1171,4,frame
1172,4,forceful
1173,4,fluffy
1174,4,faceted
1175,4,expression
1176,4,entirely
1177,4,enticing
1178,4,energetic
1179,4,emerging
1180,4,elevates
1181,4,elements
1182,4,elderberry
1183,4,drive
1184,4,dogwood
1185,4,distinctively
1186,4,displayed
1187,4,decidedly
1188,4,darker
1189,4,converge
1190,4,contributes
1191,4,concludes
1192,4,completeness
1193,4,comfortable
1194,4,coffees
1195,4,chrysanthemum
1196,4,chestnut
1197,4,cayenne
1198,4,called
1199,4,calla
1200,4,bouquet
1201,4,blossoms
1202,4,bitterness
1203,4,better
1204,4,balsamic
1205,4,ballast
1206,4,backed
1207,4,amplify
1208,4,agreed
1209,4,agreeably
1210,4,adds
1211,4,additional
1212,4,acrid
1213,3,young
1214,3,yam
1215,3,wildly
1216,3,ways
1217,3,walnutty
1218,3,virtually
1219,3,violets
1220,3,vinegar
1221,3,utterly
1222,3,unpleasant
1223,3,undertone
1224,3,underscored
1225,3,tropically
1226,3,trajectory
1227,3,tinged
1228,3,thins
1229,3,things
1230,3,thick
1231,3,term
1232,3,teriyaki
1233,3,tequila
1234,3,tends
1235,3,tempered
1236,3,tassimo
1237,3,tanned
1238,3,tang
1239,3,szechuan
1240,3,sweetened
1241,3,sumptuous
1242,3,succulent
1243,3,stewed
1244,3,steamed
1245,3,stand
1246,3,spectacular
1247,3,somewhere
1248,3,something
1249,3,soluble
1250,3,slowly
1251,3,simplifying
1252,3,sharpness
1253,3,settling
1254,3,set
1255,3,segueing
1256,3,seems
1257,3,scotch
1258,3,saturation
1259,3,running
1260,3,rubbery
1261,3,roughish
1262,3,roastiness
1263,3,revives
1264,3,revive
1265,3,returns
1266,3,retaining
1267,3,restrained
1268,3,resonating
1269,3,remained
1270,3,recovers
1271,3,reassert
1272,3,reappears
1273,3,rated
1274,3,rain
1275,3,quince
1276,3,quieting
1277,3,promised
1278,3,processed
1279,3,point
1280,3,pervasive
1281,3,performance
1282,3,peachy
1283,3,pea
1284,3,partly
1285,3,paper
1286,3,palate
1287,3,onecoffee
1288,3,offers
1289,3,nuttiness
1290,3,nice
1291,3,nibs
1292,3,nevertheless
1293,3,nasturtium
1294,3,nagging
1295,3,mutes
1296,3,mousse
1297,3,mid
1298,3,memory
1299,3,medicinal
1300,3,maintain
1301,3,luxurious
1302,3,loses
1303,3,lose
1304,3,least
1305,3,leans
1306,3,knit
1307,3,juicier
1308,3,juice
1309,3,jammy
1310,3,jackfruit
1311,3,italian
1312,3,introduces
1313,3,intriguingly
1314,3,intoxicatingly
1315,3,intoxicating
1316,3,intensified
1317,3,influences
1318,3,inclined
1319,3,impulses
1320,3,impression
1321,3,impresses
1322,3,immaculately
1323,3,identical
1324,3,hip
1325,3,hinting
1326,3,hinted
1327,3,highland
1328,3,held
1329,3,grow
1330,3,ground
1331,3,grand
1332,3,going
1333,3,gin
1334,3,fulfilling
1335,3,friendly
1336,3,fleeting
1337,3,flawlessly
1338,3,flavored
1339,3,flatness
1340,3,first
1341,3,find
1342,3,finally
1343,3,falls
1344,3,exuberantly
1345,3,exquisite
1346,3,explosively
1347,3,every
1348,3,ethiopia
1349,3,eternal
1350,3,essentially
1351,3,envelopes
1352,3,enough
1353,3,enlivens
1354,3,emphasizing
1355,3,elaborately
1356,3,edgy
1357,3,dynamically
1358,3,dramatically
1359,3,disconcertingly
1360,3,densely
1361,3,deceptively
1362,3,dampened
1363,3,custardy
1364,3,cushioned
1365,3,crispy
1366,3,cotton
1367,3,cookie
1368,3,contribute
1369,3,continue
1370,3,composting
1371,3,complimented
1372,3,completely
1373,3,complement
1374,3,commingle
1375,3,cola
1376,3,cloyingly
1377,3,cloying
1378,3,citric
1379,3,citing
1380,3,chinese
1381,3,characterizes
1382,3,celery
1383,3,cascara
1384,3,cappucino
1385,3,cabernet
1386,3,bunn
1387,3,bubblegum
1388,3,brilliantly
1389,3,bread
1390,3,boldly
1391,3,begins
1392,3,becoming
1393,3,basil
1394,3,basic
1395,3,base
1396,3,backdrop
1397,3,attractively
1398,3,associations
1399,3,aprium
1400,3,appreciated
1401,3,animates
1402,3,anchoring
1403,3,active
1404,3,according
1405,3,accompanied
1406,2,would
1407,2,whatsoever
1408,2,went
1409,2,watery
1410,2,washed
1411,2,walnuts
1412,2,vue
1413,2,vivacity
1414,2,virtuoline
1415,2,vine
1416,2,vegetable
1417,2,vastly
1418,2,varied
1419,2,valued
1420,2,value
1421,2,usual
1422,2,upshot
1423,2,untamed
1424,2,unroasted
1425,2,unpleasantly
1426,2,unmistakable
1427,2,undulating
1428,2,ultimately
1429,2,tuberose
1430,2,tropics
1431,2,triumphs
1432,2,trifle
1433,2,transforms
1434,2,transform
1435,2,traditional
1436,2,touched
1437,2,tiramisu
1438,2,tightens
1439,2,terms
1440,2,tending
1441,2,temperate
1442,2,taut
1443,2,tarter
1444,2,taint
1445,2,symphonically
1446,2,svelte
1447,2,surprise
1448,2,suppressing
1449,2,supportive
1450,2,summer
1451,2,sugared
1452,2,sturdy
1453,2,stunningly
1454,2,stronger
1455,2,stretch
1456,2,sticky
1457,2,starts
1458,2,starchy
1459,2,splendid
1460,2,spectacularly
1461,2,specifically
1462,2,sound
1463,2,softness
1464,2,soapy
1465,2,smoothness
1466,2,smoothing
1467,2,smoothed
1468,2,skins
1469,2,singolo
1470,2,simplified
1471,2,shimmers
1472,2,shimmeringly
1473,2,shimmering
1474,2,shifty
1475,2,sherry
1476,2,sesame
1477,2,semi
1478,2,scores
1479,2,score
1480,2,satiating
1481,2,santo
1482,2,sampled
1483,2,run
1484,2,rubber
1485,2,roughness
1486,2,roquefort
1487,2,role
1488,2,rivo
1489,2,ripens
1490,2,revealing
1491,2,requires
1492,2,remerges
1493,2,remarkable
1494,2,reemerging
1495,2,recommended
1496,2,reasserts
1497,2,reading
1498,2,punctuated
1499,2,process
1500,2,preside
1501,2,presentation
1502,2,precious
1503,2,power
1504,2,potentially
1505,2,post
1506,2,positive
1507,2,plums
1508,2,please
1509,2,play
1510,2,plain
1511,2,perfume
1512,2,patience
1513,2,passionflower
1514,2,part
1515,2,palo
1516,2,package
1517,2,overwhelm
1518,2,overlay
1519,2,outlasts
1520,2,originally
1521,2,originality
1522,2,orchardy
1523,2,opulence
1524,2,open
1525,2,often
1526,2,odd
1527,2,noticeable
1528,2,nothing
1529,2,never
1530,2,neutral
1531,2,naturally
1532,2,mustiness
1533,2,muskiness
1534,2,multiple
1535,2,multidimensional
1536,2,mulling
1537,2,mulch
1538,2,moving
1539,2,mirror
1540,2,milky
1541,2,mildewy
1542,2,mildew
1543,2,massive
1544,2,mars
1545,2,mangosteen
1546,2,manages
1547,2,making
1548,2,make
1549,2,maintained
1550,2,mainly
1551,2,machine
1552,2,luminous
1553,2,lost
1554,2,loss
1555,2,liveliness
1556,2,liquid
1557,2,liltingly
1558,2,lilies
1559,2,lightens
1560,2,licensed
1561,2,lengthens
1562,2,lacking
1563,2,kola
1564,2,kind
1565,2,kabocha
1566,2,juxtaposed
1567,2,juiciness
1568,2,juicily
1569,2,jerky
1570,2,jelly
1571,2,intentionally
1572,2,inside
1573,2,impress
1574,2,implicit
1575,2,huge
1576,2,hover
1577,2,honors
1578,2,honeycomb
1579,2,highlights
1580,2,highlighting
1581,2,higher
1582,2,hefty
1583,2,hearty
1584,2,heart
1585,2,headily
1586,2,hay
1587,2,hangs
1588,2,grown
1589,2,graphite
1590,2,go
1591,2,gingko
1592,2,gingerbread
1593,2,geranium
1594,2,generous
1595,2,fruitiness
1596,2,framboise
1597,2,foresty
1598,2,foregrounding
1599,2,foreground
1600,2,follow
1601,2,folded
1602,2,floor
1603,2,flamboyant
1604,2,finishes
1605,2,finished
1606,2,finding
1607,2,filling
1608,2,figure
1609,2,favor
1610,2,fatter
1611,2,fattens
1612,2,fatten
1613,2,extract
1614,2,extra
1615,2,extend
1616,2,expressively
1617,2,expresses
1618,2,express
1619,2,explodes
1620,2,expansively
1621,2,excitement
1622,2,exceptional
1623,2,evocative
1624,2,essential
1625,2,essence
1626,2,equally
1627,2,enthusiasm
1628,2,ensconced
1629,2,enriched
1630,2,enliven
1631,2,enigmatic
1632,2,enhancing
1633,2,ends
1634,2,encourages
1635,2,emphasized
1636,2,emergence
1637,2,emerged
1638,2,elongated
1639,2,element
1640,2,elaborate
1641,2,edges
1642,2,echoing
1643,2,echoes
1644,2,easy
1645,2,durango
1646,2,dullish
1647,2,dull
1648,2,drops
1649,2,dropping
1650,2,drinkers
1651,2,doubtless
1652,2,distracts
1653,2,distinguished
1654,2,distinction
1655,2,difficult
1656,2,differently
1657,2,different
1658,2,develop
1659,2,details
1660,2,descriptor
1661,2,description
1662,2,delight
1663,2,decisive
1664,2,decaffeination
1665,2,dates
1666,2,darkish
1667,2,dahlia
1668,2,cupped
1669,2,cucumber
1670,2,crème
1671,2,crystalline
1672,2,crushed
1673,2,cottony
1674,2,corn
1675,2,context
1676,2,consistent
1677,2,consistency
1678,2,conditioning
1679,2,comprehensive
1680,2,composure
1681,2,component
1682,2,coming
1683,2,combined
1684,2,combination
1685,2,cointreau
1686,2,close
1687,2,clementine
1688,2,cigar
1689,2,chocolatey
1690,2,charitably
1691,2,cask
1692,2,cara
1693,2,candyish
1694,2,café
1695,2,cachaça
1696,2,brothy
1697,2,broadens
1698,2,broaden
1699,2,broad
1700,2,brisker
1701,2,brilliant
1702,2,brighter
1703,2,brightened
1704,2,brazilian
1705,2,bottomed
1706,2,bordering
1707,2,bomb
1708,2,blunt
1709,2,blue
1710,2,bloomed
1711,2,beyond
1712,2,beverage
1713,2,betrays
1714,2,bell
1715,2,beer
1716,2,beef
1717,2,bare
1718,2,bar
1719,2,açai
1720,2,azalea
1721,2,attracted
1722,2,atop
1723,2,assertively
1724,2,artichoke
1725,2,arabica
1726,2,appearance
1727,2,appealingly
1728,2,apparently
1729,2,another
1730,2,angostura
1731,2,among
1732,2,amazingly
1733,2,aloewood
1734,2,agreeable
1735,2,additionally
1736,2,addition
1737,2,adding
1738,2,achieves
1739,2,acai
1740,1,yuzu
1741,1,yogurty
1742,1,yirgacheffe
1743,1,yields
1744,1,yes
1745,1,yeasty
1746,1,worth
1747,1,worldly
1748,1,world
1749,1,word
1750,1,woodsy
1751,1,woods
1752,1,woodiness
1753,1,withwiny
1754,1,withsmooth
1755,1,wisp
1756,1,winter
1757,1,winner
1758,1,wines
1759,1,wilted
1760,1,wildflower
1761,1,whispers
1762,1,whiskyish
1763,1,wheat
1764,1,weighty
1765,1,waves
1766,1,warm
1767,1,wanted
1768,1,wafting
1769,1,volume
1770,1,vividly
1771,1,viscosity
1772,1,vibrancy
1773,1,vibe
1774,1,vertically
1775,1,versatile
1776,1,verbenaand
1777,1,velvetymouthfeel
1778,1,vegetables
1779,1,variously
1780,1,variation
1781,1,vanish
1782,1,vanillin
1783,1,usurped
1784,1,usurp
1785,1,use
1786,1,upside
1787,1,upon
1788,1,upgraded
1789,1,unruly
1790,1,unripe
1791,1,unreadable
1792,1,unobtrusive
1793,1,unfurls
1794,1,unfolds
1795,1,unexpectedly
1796,1,unexpected
1797,1,unevenness
1798,1,uncut
1799,1,uncompromisingly
1800,1,uncompromising
1801,1,unapologetically
1802,1,ucherry
1803,1,typically
1804,1,twelve
1805,1,turkish
1806,1,tumeric
1807,1,trumps
1808,1,trumpet
1809,1,true
1810,1,triumphantly
1811,1,transitions
1812,1,transforming
1813,1,traditionalists
1814,1,tracking
1815,1,touches
1816,1,topnote
1817,1,tongue
1818,1,tomatoes
1819,1,tolerates
1820,1,tisane
1821,1,tiny
1822,1,time
1823,1,tilled
1824,1,tightness
1825,1,tightly
1826,1,tickle
1827,1,throughlines
1828,1,thorough
1829,1,thirds
1830,1,thinnish
1831,1,thinning
1832,1,thinness
1833,1,themes
1834,1,theatrical
1835,1,terse
1836,1,terminally
1837,1,tend
1838,1,ten
1839,1,tempting
1840,1,tempers
1841,1,tasted
1842,1,tarty
1843,1,tarts
1844,1,tapioca
1845,1,tapering
1846,1,tantalizing
1847,1,tall
1848,1,taken
1849,1,tainted
1850,1,tails
1851,1,tagged
1852,1,taert
1853,1,tad
1854,1,syrupymouthfeel
1855,1,synthesis
1856,1,swoon
1857,1,swells
1858,1,swell
1859,1,sweetlyrich
1860,1,swedish
1861,1,sustaining
1862,1,surviving
1863,1,surges
1864,1,surfacing
1865,1,surfaced
1866,1,superbly
1867,1,sungold
1868,1,sundried
1869,1,sunchoke
1870,1,sumatras
1871,1,sulfur
1872,1,suggested
1873,1,sugars
1874,1,suffused
1875,1,sufficiently
1876,1,sufficient
1877,1,suckle
1878,1,successfully
1879,1,subsumes
1880,1,substantial
1881,1,subside
1882,1,stunning
1883,1,stuck
1884,1,structurally
1885,1,structural
1886,1,struck
1887,1,strike
1888,1,stretches
1889,1,strengths
1890,1,strawberryish
1891,1,stopped
1892,1,stop
1893,1,stolid
1894,1,stick
1895,1,steroids
1896,1,steeping
1897,1,steady
1898,1,stays
1899,1,stayed
1900,1,startlingly
1901,1,starters
1902,1,start
1903,1,starchiness
1904,1,starch
1905,1,stands
1906,1,standout
1907,1,standard
1908,1,stability
1909,1,squeeze
1910,1,split
1911,1,splendor
1912,1,specific
1913,1,special
1914,1,sparkle
1915,1,sourness
1916,1,sophisticated
1917,1,sonorously
1918,1,somehow
1919,1,solidly
1920,1,soars
1921,1,soaringly
1922,1,snicker
1923,1,snap
1924,1,smooths
1925,1,smoother
1926,1,smoooth
1927,1,slightest
1928,1,sized
1929,1,six
1930,1,sitting
1931,1,sits
1932,1,sips
1933,1,singular
1934,1,sings
1935,1,singing
1936,1,sing
1937,1,simultaneous
1938,1,simplicity
1939,1,simpler
1940,1,similar
1941,1,silken
1942,1,significant
1943,1,sign
1944,1,sideshow
1945,1,shockingly
1946,1,shocking
1947,1,shitake
1948,1,shishito
1949,1,sharpen
1950,1,shape
1951,1,shadowed
1952,1,settled
1953,1,setting
1954,1,serves
1955,1,segues
1956,1,segue
1957,1,seething
1958,1,seem
1959,1,seeds
1960,1,seat
1961,1,seamlessly
1962,1,scorchy
1963,1,scorch
1964,1,say
1965,1,savorly
1966,1,saving
1967,1,saved
1968,1,save
1969,1,saucy
1970,1,saturatingly
1971,1,saturating
1972,1,satisfy
1973,1,satinymouthfeel
1974,1,satinly
1975,1,satin
1976,1,sampling
1977,1,samples
1978,1,saltiness
1979,1,sacrificing
1980,1,rustic
1981,1,runs
1982,1,rugged
1983,1,rougher
1984,1,rotten
1985,1,rosewater
1986,1,rosehip
1987,1,room
1988,1,rooibos
1989,1,roger
1990,1,robustly
1991,1,robusta
1992,1,roasts
1993,1,rises
1994,1,riper
1995,1,rind
1996,1,rife
1997,1,riesling
1998,1,ride
1999,1,rica
2000,1,revived
2001,1,reviewer
2002,1,reverts
2003,1,reveals
2004,1,retsina
2005,1,reticent
2006,1,retained
2007,1,resurrects
2008,1,resurrect
2009,1,rest
2010,1,responded
2011,1,respectively
2012,1,respectful
2013,1,respect
2014,1,resonante
2015,1,resinously
2016,1,resinous
2017,1,resin
2018,1,resides
2019,1,reserved
2020,1,resembling
2021,1,represented
2022,1,reported
2023,1,rendition
2024,1,reminder
2025,1,reiterates
2026,1,regular
2027,1,registers
2028,1,registered
2029,1,regarding
2030,1,reflects
2031,1,reflected
2032,1,reflect
2033,1,reemerges
2034,1,reemergence
2035,1,reemerge
2036,1,reducing
2037,1,recorded
2038,1,recollections
2039,1,receding
2040,1,reappear
2041,1,real
2042,1,readings
2043,1,reaches
2044,1,rawish
2045,1,ratings
2046,1,raspberries
2047,1,ranges
2048,1,ranged
2049,1,ran
2050,1,rambutan
2051,1,raisins
2052,1,quixotic
2053,1,quaintly
2054,1,puzzled
2055,1,putting
2056,1,put
2057,1,pushes
2058,1,pulled
2059,1,pudding
2060,1,pruney
2061,1,prunes
2062,1,provoking
2063,1,provoked
2064,1,provocatively
2065,1,provocative
2066,1,provided
2067,1,promises
2068,1,prolonged
2069,1,profound
2070,1,processing
2071,1,proceeds
2072,1,primary
2073,1,prickly
2074,1,price
2075,1,prevailed
2076,1,presumably
2077,1,pressed
2078,1,press
2079,1,preserving
2080,1,preserved
2081,1,presents
2082,1,presented
2083,1,predominating
2084,1,predominated
2085,1,predominantly
2086,1,predictable
2087,1,precise
2088,1,praising
2089,1,praise
2090,1,poured
2091,1,potato
2092,1,possibly
2093,1,possibilities
2094,1,positives
2095,1,positively
2096,1,pops
2097,1,pomogranate
2098,1,polished
2099,1,polarizing
2100,1,poise
2101,1,pog
2102,1,plumy
2103,1,plumply
2104,1,plumped
2105,1,pleasure
2106,1,pleasin
2107,1,pleases
2108,1,plays
2109,1,playful
2110,1,piney
2111,1,pillowy
2112,1,piles
2113,1,pickles
2114,1,petunia
2115,1,petals
2116,1,persuasive
2117,1,persistently
2118,1,persisted
2119,1,permeate
2120,1,perky
2121,1,perfection
2122,1,peppers
2123,1,peppercorns
2124,1,penetratingly
2125,1,penetrate
2126,1,peer
2127,1,peeking
2128,1,peas
2129,1,peaches
2130,1,park
2131,1,parallel
2132,1,papery
2133,1,palates
2134,1,paired
2135,1,packet
2136,1,pack
2137,1,overwhelming
2138,1,overshadow
2139,1,overrides
2140,1,overpowers
2141,1,overlook
2142,1,overlapping
2143,1,overlapped
2144,1,overbearing
2145,1,overarchingly
2146,1,outstanding
2147,1,outlasting
2148,1,otherworldly
2149,1,osmanthus
2150,1,oscar
2151,1,oreo
2152,1,orchestral
2153,1,orangey
2154,1,oranges
2155,1,ones
2156,1,old
2157,1,oft
2158,1,offering
2159,1,offered
2160,1,odor
2161,1,oddly
2162,1,occupies
2163,1,occasion
2164,1,obvious
2165,1,observes
2166,1,obscuring
2167,1,obscure
2168,1,number
2169,1,nuancing
2170,1,nuances
2171,1,november
2172,1,novelty
2173,1,nori
2174,1,nob
2175,1,nimble
2176,1,neither
2177,1,negligible
2178,1,needle
2179,1,mélange
2180,1,mysteriously
2181,1,myrhh
2182,1,muting
2183,1,mute
2184,1,mushrooms
2185,1,muscular
2186,1,multilayered
2187,1,multifaceted
2188,1,multidimensioned
2189,1,mult
2190,1,mulled
2191,1,mouthfeell
2192,1,mostly
2193,1,morphs
2194,1,monumental
2195,1,monotoned
2196,1,momentum
2197,1,molassesy
2198,1,modulated
2199,1,modulate
2200,1,moderate
2201,1,mirrors
2202,1,minutes
2203,1,mineral
2204,1,milkshake
2205,1,mildewed
2206,1,midtones
2207,1,middle
2208,1,mexico
2209,1,methods
2210,1,method
2211,1,metallic
2212,1,mesmerizing
2213,1,meringuey
2214,1,meringue
2215,1,merge
2216,1,menthe
2217,1,memorable
2218,1,melony
2219,1,meaty
2220,1,measure
2221,1,meadowish
2222,1,matrixed
2223,1,mash
2224,1,martini
2225,1,marked
2226,1,marcona
2227,1,manzanita
2228,1,many
2229,1,manually
2230,1,manifest
2231,1,mandarinquat
2232,1,magrut
2233,1,magnified
2234,1,made
2235,1,lurking
2236,1,lucid
2237,1,lower
2238,1,lovers
2239,1,loved
2240,1,lots
2241,1,loamy
2242,1,loam
2243,1,livelyacidity
2244,1,livelier
2245,1,lithe
2246,1,listless
2247,1,lingeringly
2248,1,lined
2249,1,line
2250,1,limoncello
2251,1,limited
2252,1,limitations
2253,1,limit
2254,1,limelike
2255,1,limeish
2256,1,lilyish
2257,1,likes
2258,1,lighten
2259,1,lifty
2260,1,lifting
2261,1,lifeless
2262,1,licoricy
2263,1,levitates
2264,1,levels
2265,1,lends
2266,1,left
2267,1,leche
2268,1,leaving
2269,1,leave
2270,1,leafy
2271,1,lavished
2272,1,lavendar
2273,1,late
2274,1,larger
2275,1,lapses
2276,1,language
2277,1,kukui
2278,1,kona
2279,1,kitkat
2280,1,kick
2281,1,keyed
2282,1,keeps
2283,1,keemun
2284,1,keeled
2285,1,juxtaposition
2286,1,jujube
2287,1,juicyacidity
2288,1,jostles
2289,1,joined
2290,1,jazzy
2291,1,issue
2292,1,ish
2293,1,involved
2294,1,invigorates
2295,1,introduction
2296,1,introducing
2297,1,intrigungly
2298,1,intimate
2299,1,intersection
2300,1,interpreted
2301,1,intermingled
2302,1,interaction
2303,1,integrity
2304,1,integrates
2305,1,instructure
2306,1,inimitably
2307,1,inherent
2308,1,inflection
2309,1,infinitely
2310,1,infinite
2311,1,inevitable
2312,1,indonesian
2313,1,indirect
2314,1,incredibly
2315,1,increasingly
2316,1,include
2317,1,inclines
2318,1,inclination
2319,1,improved
2320,1,imposed
2321,1,implies
2322,1,imperceptible
2323,1,imparts
2324,1,immersion
2325,1,immediate
2326,1,immaculate
2327,1,imagination
2328,1,idiosyncratic
2329,1,identified
2330,1,ice
2331,1,ibarra
2332,1,hyssop
2333,1,hushed
2334,1,humidor
2335,1,hugely
2336,1,hovering
2337,1,horned
2338,1,honored
2339,1,honor
2340,1,homemade
2341,1,holds
2342,1,hold
2343,1,hit
2344,1,highlands
2345,1,hidey
2346,1,hickory
2347,1,herbed
2348,1,hemp
2349,1,help
2350,1,heirloom
2351,1,heaviness
2352,1,heartily
2353,1,headway
2354,1,head
2355,1,hazelnuts
2356,1,haunted
2357,1,haunt
2358,1,harmonized
2359,1,harmonic
2360,1,happy
2361,1,handles
2362,1,half
2363,1,gummy
2364,1,grove
2365,1,grounds
2366,1,gritty
2367,1,grilled
2368,1,greatly
2369,1,grassy
2370,1,grasses
2371,1,grapefruitextract
2372,1,gogi
2373,1,gloriously
2374,1,glorious
2375,1,glimmer
2376,1,gleam
2377,1,giving
2378,1,gewurztraminer
2379,1,gestured
2380,1,gesha
2381,1,genuine
2382,1,genius
2383,1,generalizes
2384,1,gave
2385,1,gardeny
2386,1,garden
2387,1,gains
2388,1,fuses
2389,1,fused
2390,1,fuse
2391,1,fundamentally
2392,1,fundamental
2393,1,fuller
2394,1,fudgelike
2395,1,fruited
2396,1,fruitcake
2397,1,frond
2398,1,freshness
2399,1,french
2400,1,frankinense
2401,1,frank
2402,1,francisfrancis
2403,1,francisca
2404,1,framing
2405,1,fore
2406,1,forcefully
2407,1,follows
2408,1,following
2409,1,foil
2410,1,focusing
2411,1,focuses
2412,1,focus
2413,1,fluent
2414,1,flowery
2415,1,flourish
2416,1,flour
2417,1,flnish
2418,1,flirt
2419,1,flesh
2420,1,flawless
2421,1,flavorful
2422,1,flattening
2423,1,flattened
2424,1,flatly
2425,1,flamboyantly
2426,1,fireworks
2427,1,finger
2428,1,finest
2429,1,finesse
2430,1,finds
2431,1,filled
2432,1,fill
2433,1,figured
2434,1,fermentation
2435,1,features
2436,1,feature
2437,1,feathery
2438,1,fast
2439,1,famous
2440,1,fall
2441,1,failing
2442,1,extremely
2443,1,extravagance
2444,1,extending
2445,1,expressionless
2446,1,explosive
2447,1,experiments
2448,1,experience
2449,1,expand
2450,1,existent
2451,1,exhibiting
2452,1,exclaimed
2453,1,exciting
2454,1,exchange
2455,1,excessively
2456,1,excellence
2457,1,example
2458,1,exacerbating
2459,1,evoking
2460,1,evoked
2461,1,evident
2462,1,ever
2463,1,eventually
2464,1,event
2465,1,evening
2466,1,evanescent
2467,1,evaluate
2468,1,european
2469,1,ethereal
2470,1,essay
2471,1,espressos
2472,1,ese
2473,1,erupts
2474,1,epazote
2475,1,envelops
2476,1,envelope
2477,1,entire
2478,1,enthusiastically
2479,1,enrich
2480,1,enjoy
2481,1,enhances
2482,1,enhanced
2483,1,engagingacidity
2484,1,engage
2485,1,energy
2486,1,ended
2487,1,end
2488,1,enchantingly
2489,1,encapsulated
2490,1,emphasizes
2491,1,elusive
2492,1,else
2493,1,elevating
2494,1,elevate
2495,1,electric
2496,1,elderflowers
2497,1,either
2498,1,eight
2499,1,effervescently
2500,1,edition
2501,1,edible
2502,1,ebullient
2503,1,eating
2504,1,easygoing
2505,1,earthiness
2506,1,earthier
2507,1,dying
2508,1,dulce
2509,1,duet
2510,1,dryness
2511,1,drowning
2512,1,drives
2513,1,drip
2514,1,drinkable
2515,1,drier
2516,1,dragonwell
2517,1,dragonfruit
2518,1,dragged
2519,1,dozen
2520,1,downside
2521,1,doubt
2522,1,doorsy
2523,1,diverse
2524,1,divergence
2525,1,disturbing
2526,1,distracting
2527,1,distract
2528,1,distinguish
2529,1,discreet
2530,1,discernible
2531,1,disappoints
2532,1,disappointing
2533,1,disappear
2534,1,directly
2535,1,direct
2536,1,diminishes
2537,1,diffuse
2538,1,differing
2539,1,difference
2540,1,diary
2541,1,developed
2542,1,detours
2543,1,deteriorated
2544,1,detail
2545,1,designed
2546,1,depending
2547,1,denouement
2548,1,demerara
2549,1,dematerialized
2550,1,delivering
2551,1,deliriously
2552,1,delightfully
2553,1,deliberate
2554,1,deftly
2555,1,definitively
2556,1,definition
2557,1,defies
2558,1,defective
2559,1,deepy
2560,1,deeplysweet
2561,1,decrescendo
2562,1,decomposed
2563,1,decent
2564,1,decay
2565,1,decaf
2566,1,decadent
2567,1,day
2568,1,darl
2569,1,darjeeling
2570,1,dancing
2571,1,dance
2572,1,dampening
2573,1,dairy
2574,1,cushioning
2575,1,currants
2576,1,cuppers
2577,1,culminating
2578,1,cube
2579,1,crisped
2580,1,crimson
2581,1,crescendoing
2582,1,creme
2583,1,created
2584,1,creamsicle
2585,1,creaminess
2586,1,cranberries
2587,1,cradled
2588,1,counterpoint
2589,1,costa
2590,1,cooling
2591,1,cooled
2592,1,cool
2593,1,convincing
2594,1,control
2595,1,contributing
2596,1,contrasting
2597,1,contexted
2598,1,constellation
2599,1,consists
2600,1,conjures
2601,1,confirm
2602,1,condensing
2603,1,condenses
2604,1,condensed
2605,1,concluded
2606,1,compromising
2607,1,comprehensively
2608,1,compote
2609,1,composted
2610,1,composite
2611,1,complimenting
2612,1,complimentary
2613,1,complements
2614,1,complementing
2615,1,committed
2616,1,commended
2617,1,comingle
2618,1,colorful
2619,1,colorado
2620,1,colombian
2621,1,colombia
2622,1,collectively
2623,1,cohesively
2624,1,cohesive
2625,1,coherence
2626,1,cocoo
2627,1,cocao
2628,1,coaxed
2629,1,coasts
2630,1,coasting
2631,1,closing
2632,1,closes
2633,1,closely
2634,1,cloaked
2635,1,clearest
2636,1,clashed
2637,1,claim
2638,1,circling
2639,1,cinammon
2640,1,childhood
2641,1,chiffony
2642,1,cherries
2643,1,cherimoya
2644,1,chartreuse
2645,1,charry
2646,1,characteristics
2647,1,characteristic
2648,1,char
2649,1,chanterelle
2650,1,chamomile
2651,1,challenging
2652,1,chacon
2653,1,certainly
2654,1,certain
2655,1,cerebral
2656,1,centric
2657,1,central
2658,1,cedarish
2659,1,casky
2660,1,case
2661,1,cascade
2662,1,carryover
2663,1,carnally
2664,1,cardboardy
2665,1,carbony
2666,1,caralm
2667,1,captivatingly
2668,1,capsules
2669,1,canned
2670,1,campfire
2671,1,camp
2672,1,came
2673,1,calls
2674,1,calling
2675,1,call
2676,1,calamansi
2677,1,caffeine
2678,1,cafe
2679,1,cactus
2680,1,butterscotchy
2681,1,butternut
2682,1,buttered
2683,1,burnt
2684,1,buoyancy
2685,1,bundle
2686,1,builds
2687,1,building
2688,1,build
2689,1,brulee
2690,1,browned
2691,1,brought
2692,1,broadened
2693,1,brings
2694,1,bringing
2695,1,brightish
2696,1,brighten
2697,1,briefly
2698,1,brief
2699,1,brie
2700,1,brew
2701,1,breathtakingly
2702,1,break
2703,1,breadfruit
2704,1,brandish
2705,1,bound
2706,1,bosc
2707,1,bookend
2708,1,bonus
2709,1,boldy
2710,1,boiling
2711,1,boiled
2712,1,blurs
2713,1,blind
2714,1,blending
2715,1,bizarre
2716,1,bitterly
2717,1,bite
2718,1,birch
2719,1,bipolar
2720,1,bight
2721,1,betrayed
2722,1,belongs
2723,1,behind
2724,1,beet
2725,1,beautiful
2726,1,based
2727,1,barest
2728,1,bank
2729,1,bananaish
2730,1,balls
2731,1,bacon
2732,1,backs
2733,1,awesome
2734,1,away
2735,1,avalanche
2736,1,autumnal
2737,1,autumn
2738,1,authentic
2739,1,austerely
2740,1,atypical
2741,1,attributes
2742,1,astringently
2743,1,astoundingly
2744,1,astounding
2745,1,assumes
2746,1,assessment
2747,1,assess
2748,1,assertiveness
2749,1,aspect
2750,1,asparagus
2751,1,arresting
2752,1,aromaand
2753,1,arom
2754,1,arcing
2755,1,apt
2756,1,approving
2757,1,appropriately
2758,1,appropriate
2759,1,approaching
2760,1,applying
2761,1,apples
2762,1,appeared
2763,1,appearances
2764,1,anything
2765,1,antique
2766,1,antigua
2767,1,animating
2768,1,andother
2769,1,amps
2770,1,amplifying
2771,1,amond
2772,1,amid
2773,1,amaretto
2774,1,always
2775,1,alternative
2776,1,already
2777,1,alone
2778,1,aloe
2779,1,almonds
2780,1,allusions
2781,1,alluring
2782,1,alfalfa
2783,1,albeit
2784,1,airy
2785,1,agreement
2786,1,aggressively
2787,1,aggressive
2788,1,aftertaste
2789,1,adult
2790,1,admirable
2791,1,adjective
2792,1,addressed
2793,1,add
2794,1,across
2795,1,acquire
2796,1,acorn
2797,1,acidty
2798,1,achieved
2799,1,acdity
2800,1,accounting
2801,1,accessibly
2802,1,accepted
2803,1,accented
2804,1,abundantly
2805,1,absorbingly
2806,1,abruptly
